<?xml version="1.0" encoding="UTF-8"?>
<project-private xmlns="http://www.netbeans.org/ns/project-private/1">
    <editor-bookmarks xmlns="http://www.netbeans.org/ns/editor-bookmarks/2" lastBookmarkId="0"/>
    <open-files xmlns="http://www.netbeans.org/ns/projectui-open-files/2">
        <group>
            <file>file:/C:/Users/guoyo/Documents/NetBeansProjects/WebApi/src/java/com/supinfo/web/entity/Customer.java</file>
            <file>file:/C:/Users/guoyo/Documents/NetBeansProjects/WebApi/src/java/com/supinfo/web/webService/UserWebService.java</file>
            <file>file:/C:/Users/guoyo/Documents/NetBeansProjects/WebApi/src/java/com/supinfo/web/entity/item_.java</file>
            <file>file:/C:/Users/guoyo/Documents/NetBeansProjects/WebApi/src/java/com/supinfo/web/dao/jpa/JpaUserDao.java</file>
            <file>file:/C:/Users/guoyo/Documents/NetBeansProjects/WebApi/src/java/com/supinfo/web/dao/jpa/JpaItemDao.java</file>
            <file>file:/C:/Users/guoyo/Documents/NetBeansProjects/WebApi/web/FileUpload.jsp</file>
            <file>file:/C:/Users/guoyo/Documents/NetBeansProjects/WebApi/src/java/com/supinfo/web/entity/item.java</file>
            <file>file:/C:/Users/guoyo/Documents/NetBeansProjects/WebApi/src/java/com/supinfo/web/dao/UserDao.java</file>
            <file>file:/C:/Users/guoyo/Documents/NetBeansProjects/WebApi/src/java/com/supinfo/web/webService/UploadFileService.java</file>
            <file>file:/C:/Users/guoyo/Documents/NetBeansProjects/WebApi/src/java/com/supinfo/web/servlet/AddServlet.java</file>
        </group>
    </open-files>
</project-private>
